Workbook

Sheet Накладные
A1: Ввод по накладным — заполняйте зелёные ячейки
A2: Одна строка = одна позиция из накладной (бренд + вкус). Остатки пересчитаются на листе «Остатки».
A3: Дата | B3: № накладной | C3: Бренд | D3: Вкус | E3: Вид фасовки | F3: Количество | G3: Операция | H3: Кто внёс | I3: Комментарий
A4: 04.10.2026 | B4: Н-001 | C4: Darkside | D4: Cosmo Flower | E4: 50 г | F4: 10 | G4: Приход | H4: Иван | I4: Поставка

Sheet Остатки
A1: Остатки на складе (автоматически)
A2: Если вкус в справочнике пустой — остаток по всему бренду. Если вкус указан — по бренду+вкусу.
A3: Бренд | B3: Вкус | C3: =Справочник!B4 | D3: =Справочник!B5 | E3: Итого
A4: =IF(Справочник!A9="","",Справочник!A9) | B4: =IF(Справочник!B9="","",Справочник!B9) | C4: =IF(A4="","",IF(B4="",SUMPRODUCT((Накладные!$C$5:$C$204=A4)*(Накладные!$E$5:$E$204=Справочник!$B$4)*(Накладные!$G$5:$G$204="Приход")*(Накладные!$F$5:$F$204))-SUMPRODUCT((Накладные!$C$5:$C$204=A4)*(Накладные!$E$5:$E$204=Справочник!$B$4)*(Накладные!$G$5:$G$204="Расход")*(Накладные!$F$5:$F$204)),SUMPRODUCT((Накладные!$C$5:$C$204=A4)*(Накладные!$D$5:$D$204=B4)*(Накладные!$E$5:$E$204=Справочник!$B$4)*(Накладные!$G$5:$G$204="Приход")*(Накладные!$F$5:$F$204))-SUMPRODUCT((Накладные!$C$5:$C$204=A4)*(Накладные!$D$5:$D$204=B4)*(Накладные!$E$5:$E$204=Справочник!$B$4)*(Накладные!$G$5:$G$204="Расход")*(Накладные!$F$5:$F$204)))) | D4: =IF(A4="","",IF(B4="",SUMPRODUCT((Накладные!$C$5:$C$204=A4)*(Накладные!$E$5:$E$204=Справочник!$B$5)*(Накладные!$G$5:$G$204="Приход")*(Накладные!$F$5:$F$204))-SUMPRODUCT((Накладные!$C$5:$C$204=A4)*(Накладные!$E$5:$E$204=Справочник!$B$5)*(Накладные!$G$5:$G$204="Расход")*(Накладные!$F$5:$F$204)),SUMPRODUCT((Накладные!$C$5:$C$204=A4)*(Накладные!$D$5:$D$204=B4)*(Накладные!$E$5:$E$204=Справочник!$B$5)*(Накладные!$G$5:$G$204="Приход")*(Накладные!$F$5:$F$204))-SUMPRODUCT((Накладные!$C$5:$C$204=A4)*(Накладные!$D$5:$D$204=B4)*(Накладные!$E$5:$E$204=Справочник!$B$5)*(Накладные!$G$5:$G$204="Расход")*(Накладные!$F$5:$F$204)))) | E4: =IF(A4="","",C4+D4)
A5: =IF(Справочник!A10="","",Справочник!A10) | B5: =IF(Справочник!B10="","",Справочник!B10) | C5: =IF(A5="","",IF(B5="",SUMPRODUCT((Накладные!$C$5:$C$204=A5)*(Накладные!$E$5:$E$204=Справочник!$B$4)*(Накладные!$G$5:$G$204="Приход")*(Накладные!$F$5:$F$204))-SUMPRODUCT((Накладные!$C$5:$C$204=A5)*(Накладные!$E$5:$E$204=Справочник!$B$4)*(Накладные!$G$5:$G$204="Расход")*(Накладные!$F$5:$F$204)),SUMPRODUCT((Накладные!$C$5:$C$204=A5)*(Накладные!$D$5:$D$204=B5)*(Накладные!$E$5:$E$204=Справочник!$B$4)*(Накладные!$G$5:$G$204="Приход")*(Накладные!$F$5:$F$204))-SUMPRODUCT((Накладные!$C$5:$C$204=A5)*(Накладные!$D$5:$D$204=B5)*(Накладные!$E$5:$E$204=Справочник!$B$4)*(Накладные!$G$5:$G$204="Расход")*(Накладные!$F$5:$F$204)))) | D5: =IF(A5="","",IF(B5="",SUMPRODUCT((Накладные!$C$5:$C$204=A5)*(Накладные!$E$5:$E$204=Справочник!$B$5)*(Накладные!$G$5:$G$204="Приход")*(Накладные!$F$5:$F$204))-SUMPRODUCT((Накладные!$C$5:$C$204=A5)*(Накладные!$E$5:$E$204=Справочник!$B$5)*(Накладные!$G$5:$G$204="Расход")*(Накладные!$F$5:$F$204)),SUMPRODUCT((Накладные!$C$5:$C$204=A5)*(Накладные!$D$5:$D$204=B5)*(Накладные!$E$5:$E$204=Справочник!$B$5)*(Накладные!$G$5:$G$204="Приход")*(Накладные!$F$5:$F$204))-SUMPRODUCT((Накладные!$C$5:$C$204=A5)*(Накладные!$D$5:$D$204=B5)*(Накладные!$E$5:$E$204=Справочник!$B$5)*(Накладные!$G$5:$G$204="Расход")*(Накладные!$F$5:$F$204)))) | E5: =IF(A5="","",C5+D5)
A6: =IF(Справочник!A11="","",Справочник!A11) | B6: =IF(Справочник!B11="","",Справочник!B11) | C6: =IF(A6="","",IF(B6="",SUMPRODUCT((Накладные!$C$5:$C$204=A6)*(Накладные!$E$5:$E$204=Справочник!$B$4)*(Накладные!$G$5:$G$204="Приход")*(Накладные!$F$5:$F$204))-SUMPRODUCT((Накладные!$C$5:$C$204=A6)*(Накладные!$E$5:$E$204=Справочник!$B$4)*(Накладные!$G$5:$G$204="Расход")*(Накладные!$F$5:$F$204)),SUMPRODUCT((Накладные!$C$5:$C$204=A6)*(Накладные!$D$5:$D$204=B6)*(Накладные!$E$5:$E$204=Справочник!$B$4)*(Накладные!$G$5:$G$204="Приход")*(Накладные!$F$5:$F$204))-SUMPRODUCT((Накладные!$C$5:$C$204=A6)*(Накладные!$D$5:$D$204=B6)*(Накладные!$E$5:$E$204=Справочник!$B$4)*(Накладные!$G$5:$G$204="Расход")*(Накладные!$F$5:$F$204)))) | D6: =IF(A6="","",IF(B6="",SUMPRODUCT((Накладные!$C$5:$C$204=A6)*(Накладные!$E$5:$E$204=Справочник!$B$5)*(Накладные!$G$5:$G$204="Приход")*(Накладные!$F$5:$F$204))-SUMPRODUCT((Накладные!$C$5:$C$204=A6)*(Накладные!$E$5:$E$204=Справочник!$B$5)*(Накладные!$G$5:$G$204="Расход")*(Накладные!$F$5:$F$204)),SUMPRODUCT((Накладные!$C$5:$C$204=A6)*(Накладные!$D$5:$D$204=B6)*(Накладные!$E$5:$E$204=Справочник!$B$5)*(Накладные!$G$5:$G$204="Приход")*(Накладные!$F$5:$F$204))-SUMPRODUCT((Накладные!$C$5:$C$204=A6)*(Накладные!$D$5:$D$204=B6)*(Накладные!$E$5:$E$204=Справочник!$B$5)*(Накладные!$G$5:$G$204="Расход")*(Накладные!$F$5:$F$204)))) | E6: =IF(A6="","",C6+D6)
A7: =IF(Справочник!A12="","",Справочник!A12) | B7: =IF(Справочник!B12="","",Справочник!B12) | C7: =IF(A7="","",IF(B7="",SUMPRODUCT((Накладные!$C$5:$C$204=A7)*(Накладные!$E$5:$E$204=Справочник!$B$4)*(Накладные!$G$5:$G$204="Приход")*(Накладные!$F$5:$F$204))-SUMPRODUCT((Накладные!$C$5:$C$204=A7)*(Накладные!$E$5:$E$204=Справочник!$B$4)*(Накладные!$G$5:$G$204="Расход")*(Накладные!$F$5:$F$204)),SUMPRODUCT((Накладные!$C$5:$C$204=A7)*(Накладные!$D$5:$D$204=B7)*(Накладные!$E$5:$E$204=Справочник!$B$4)*(Накладные!$G$5:$G$204="Приход")*(Накладные!$F$5:$F$204))-SUMPRODUCT((Накладные!$C$5:$C$204=A7)*(Накладные!$D$5:$D$204=B7)*(Накладные!$E$5:$E$204=Справочник!$B$4)*(Накладные!$G$5:$G$204="Расход")*(Накладные!$F$5:$F$204)))) | D7: =IF(A7="","",IF(B7="",SUMPRODUCT((Накладные!$C$5:$C$204=A7)*(Накладные!$E$5:$E$204=Справочник!$B$5)*(Накладные!$G$5:$G$204="Приход")*(Накладные!$F$5:$F$204))-SUMPRODUCT((Накладные!$C$5:$C$204=A7)*(Накладные!$E$5:$E$204=Справочник!$B$5)*(Накладные!$G$5:$G$204="Расход")*(Накладные!$F$5:$F$204)),SUMPRODUCT((Накладные!$C$5:$C$204=A7)*(Накладные!$D$5:$D$204=B7)*(Накладные!$E$5:$E$204=Справочник!$B$5)*(Накладные!$G$5:$G$204="Приход")*(Накладные!$F$5:$F$204))-SUMPRODUCT((Накладные!$C$5:$C$204=A7)*(Накладные!$D$5:$D$204=B7)*(Накладные!$E$5:$E$204=Справочник!$B$5)*(Накладные!$G$5:$G$204="Расход")*(Накладные!$F$5:$F$204)))) | E7: =IF(A7="","",C7+D7)
A8: =IF(Справочник!A13="","",Справочник!A13) | B8: =IF(Справочник!B13="","",Справочник!B13) | C8: =IF(A8="","",IF(B8="",SUMPRODUCT((Накладные!$C$5:$C$204=A8)*(Накладные!$E$5:$E$204=Справочник!$B$4)*(Накладные!$G$5:$G$204="Приход")*(Накладные!$F$5:$F$204))-SUMPRODUCT((Накладные!$C$5:$C$204=A8)*(Накладные!$E$5:$E$204=Справочник!$B$4)*(Накладные!$G$5:$G$204="Расход")*(Накладные!$F$5:$F$204)),SUMPRODUCT((Накладные!$C$5:$C$204=A8)*(Накладные!$D$5:$D$204=B8)*(Накладные!$E$5:$E$204=Справочник!$B$4)*(Накладные!$G$5:$G$204="Приход")*(Накладные!$F$5:$F$204))-SUMPRODUCT((Накладные!$C$5:$C$204=A8)*(Накладные!$D$5:$D$204=B8)*(Накладные!$E$5:$E$204=Справочник!$B$4)*(Накладные!$G$5:$G$204="Расход")*(Накладные!$F$5:$F$204)))) | D8: =IF(A8="","",IF(B8="",SUMPRODUCT((Накладные!$C$5:$C$204=A8)*(Накладные!$E$5:$E$204=Справочник!$B$5)*(Накладные!$G$5:$G$204="Приход")*(Накладные!$F$5:$F$204))-SUMPRODUCT((Накладные!$C$5:$C$204=A8)*(Накладные!$E$5:$E$204=Справочник!$B$5)*(Накладные!$G$5:$G$204="Расход")*(Накладные!$F$5:$F$204)),SUMPRODUCT((Накладные!$C$5:$C$204=A8)*(Накладные!$D$5:$D$204=B8)*(Накладные!$E$5:$E$204=Справочник!$B$5)*(Накладные!$G$5:$G$204="Приход")*(Накладные!$F$5:$F$204))-SUMPRODUCT((Накладные!$C$5:$C$204=A8)*(Накладные!$D$5:$D$204=B8)*(Накладные!$E$5:$E$204=Справочник!$B$5)*(Накладные!$G$5:$G$204="Расход")*(Накладные!$F$5:$F$204)))) | E8: =IF(A8="","",C8+D8)
A9: =IF(Справочник!A14="","",Справочник!A14) | B9: =IF(Справочник!B14="","",Справочник!B14) | C9: =IF(A9="","",IF(B9="",SUMPRODUCT((Накладные!$C$5:$C$204=A9)*(Накладные!$E$5:$E$204=Справочник!$B$4)*(Накладные!$G$5:$G$204="Приход")*(Накладные!$F$5:$F$204))-SUMPRODUCT((Накладные!$C$5:$C$204=A9)*(Накладные!$E$5:$E$204=Справочник!$B$4)*(Накладные!$G$5:$G$204="Расход")*(Накладные!$F$5:$F$204)),SUMPRODUCT((Накладные!$C$5:$C$204=A9)*(Накладные!$D$5:$D$204=B9)*(Накладные!$E$5:$E$204=Справочник!$B$4)*(Накладные!$G$5:$G$204="Приход")*(Накладные!$F$5:$F$204))-SUMPRODUCT((Накладные!$C$5:$C$204=A9)*(Накладные!$D$5:$D$204=B9)*(Накладные!$E$5:$E$204=Справочник!$B$4)*(Накладные!$G$5:$G$204="Расход")*(Накладные!$F$5:$F$204)))) | D9: =IF(A9="","",IF(B9="",SUMPRODUCT((Накладные!$C$5:$C$204=A9)*(Накладные!$E$5:$E$204=Справочник!$B$5)*(Накладные!$G$5:$G$204="Приход")*(Накладные!$F$5:$F$204))-SUMPRODUCT((Накладные!$C$5:$C$204=A9)*(Накладные!$E$5:$E$204=Справочник!$B$5)*(Накладные!$G$5:$G$204="Расход")*(Накладные!$F$5:$F$204)),SUMPRODUCT((Накладные!$C$5:$C$204=A9)*(Накладные!$D$5:$D$204=B9)*(Накладные!$E$5:$E$204=Справочник!$B$5)*(Накладные!$G$5:$G$204="Приход")*(Накладные!$F$5:$F$204))-SUMPRODUCT((Накладные!$C$5:$C$204=A9)*(Накладные!$D$5:$D$204=B9)*(Накладные!$E$5:$E$204=Справочник!$B$5)*(Накладные!$G$5:$G$204="Расход")*(Накладные!$F$5:$F$204)))) | E9: =IF(A9="","",C9+D9)
A10: =IF(Справочник!A15="","",Справочник!A15) | B10: =IF(Справочник!B15="","",Справочник!B15) | C10: =IF(A10="","",IF(B10="",SUMPRODUCT((Накладные!$C$5:$C$204=A10)*(Накладные!$E$5:$E$204=Справочник!$B$4)*(Накладные!$G$5:$G$204="Приход")*(Накладные!$F$5:$F$204))-SUMPRODUCT((Накладные!$C$5:$C$204=A10)*(Накладные!$E$5:$E$204=Справочник!$B$4)*(Накладные!$G$5:$G$204="Расход")*(Накладные!$F$5:$F$204)),SUMPRODUCT((Накладные!$C$5:$C$204=A10)*(Накладные!$D$5:$D$204=B10)*(Накладные!$E$5:$E$204=Справочник!$B$4)*(Накладные!$G$5:$G$204="Приход")*(Накладные!$F$5:$F$204))-SUMPRODUCT((Накладные!$C$5:$C$204=A10)*(Накладные!$D$5:$D$204=B10)*(Накладные!$E$5:$E$204=Справочник!$B$4)*(Накладные!$G$5:$G$204="Расход")*(Накладные!$F$5:$F$204)))) | D10: =IF(A10="","",IF(B10="",SUMPRODUCT((Накладные!$C$5:$C$204=A10)*(Накладные!$E$5:$E$204=Справочник!$B$5)*(Накладные!$G$5:$G$204="Приход")*(Накладные!$F$5:$F$204))-SUMPRODUCT((Накладные!$C$5:$C$204=A10)*(Накладные!$E$5:$E$204=Справочник!$B$5)*(Накладные!$G$5:$G$204="Расход")*(Накладные!$F$5:$F$204)),SUMPRODUCT((Накладные!$C$5:$C$204=A10)*(Накладные!$D$5:$D$204=B10)*(Накладные!$E$5:$E$204=Справочник!$B$5)*(Накладные!$G$5:$G$204="Приход")*(Накладные!$F$5:$F$204))-SUMPRODUCT((Накладные!$C$5:$C$204=A10)*(Накладные!$D$5:$D$204=B10)*(Накладные!$E$5:$E$204=Справочник!$B$5)*(Накладные!$G$5:$G$204="Расход")*(Накладные!$F$5:$F$204)))) | E10: =IF(A10="","",C10+D10)
A11: =IF(Справочник!A16="","",Справочник!A16) | B11: =IF(Справочник!B16="","",Справочник!B16) | C11: =IF(A11="","",IF(B11="",SUMPRODUCT((Накладные!$C$5:$C$204=A11)*(Накладные!$E$5:$E$204=Справочник!$B$4)*(Накладные!$G$5:$G$204="Приход")*(Накладные!$F$5:$F$204))-SUMPRODUCT((Накладные!$C$5:$C$204=A11)*(Накладные!$E$5:$E$204=Справочник!$B$4)*(Накладные!$G$5:$G$204="Расход")*(Накладные!$F$5:$F$204)),SUMPRODUCT((Накладные!$C$5:$C$204=A11)*(Накладные!$D$5:$D$204=B11)*(Накладные!$E$5:$E$204=Справочник!$B$4)*(Накладные!$G$5:$G$204="Приход")*(Накладные!$F$5:$F$204))-SUMPRODUCT((Накладные!$C$5:$C$204=A11)*(Накладные!$D$5:$D$204=B11)*(Накладные!$E$5:$E$204=Справочник!$B$4)*(Накладные!$G$5:$G$204="Расход")*(Накладные!$F$5:$F$204)))) | D11: =IF(A11="","",IF(B11="",SUMPRODUCT((Накладные!$C$5:$C$204=A11)*(Накладные!$E$5:$E$204=Справочник!$B$5)*(Накладные!$G$5:$G$204="Приход")*(Накладные!$F$5:$F$204))-SUMPRODUCT((Накладные!$C$5:$C$204=A11)*(Накладные!$E$5:$E$204=Справочник!$B$5)*(Накладные!$G$5:$G$204="Расход")*(Накладные!$F$5:$F$204)),SUMPRODUCT((Накладные!$C$5:$C$204=A11)*(Накладные!$D$5:$D$204=B11)*(Накладные!$E$5:$E$204=Справочник!$B$5)*(Накладные!$G$5:$G$204="Приход")*(Накладные!$F$5:$F$204))-SUMPRODUCT((Накладные!$C$5:$C$204=A11)*(Накладные!$D$5:$D$204=B11)*(Накладные!$E$5:$E$204=Справочник!$B$5)*(Накладные!$G$5:$G$204="Расход")*(Накладные!$F$5:$F$204)))) | E11: =IF(A11="","",C11+D11)
A12: =IF(Справочник!A17="","",Справочник!A17) | B12: =IF(Справочник!B17="","",Справочник!B17) | C12: =IF(A12="","",IF(B12="",SUMPRODUCT((Накладные!$C$5:$C$204=A12)*(Накладные!$E$5:$E$204=Справочник!$B$4)*(Накладные!$G$5:$G$204="Приход")*(Накладные!$F$5:$F$204))-SUMPRODUCT((Накладные!$C$5:$C$204=A12)*(Накладные!$E$5:$E$204=Справочник!$B$4)*(Накладные!$G$5:$G$204="Расход")*(Накладные!$F$5:$F$204)),SUMPRODUCT((Накладные!$C$5:$C$204=A12)*(Накладные!$D$5:$D$204=B12)*(Накладные!$E$5:$E$204=Справочник!$B$4)*(Накладные!$G$5:$G$204="Приход")*(Накладные!$F$5:$F$204))-SUMPRODUCT((Накладные!$C$5:$C$204=A12)*(Накладные!$D$5:$D$204=B12)*(Накладные!$E$5:$E$204=Справочник!$B$4)*(Накладные!$G$5:$G$204="Расход")*(Накладные!$F$5:$F$204)))) | D12: =IF(A12="","",IF(B12="",SUMPRODUCT((Накладные!$C$5:$C$204=A12)*(Накладные!$E$5:$E$204=Справочник!$B$5)*(Накладные!$G$5:$G$204="Приход")*(Накладные!$F$5:$F$204))-SUMPRODUCT((Накладные!$C$5:$C$204=A12)*(Накладные!$E$5:$E$204=Справочник!$B$5)*(Накладные!$G$5:$G$204="Расход")*(Накладные!$F$5:$F$204)),SUMPRODUCT((Накладные!$C$5:$C$204=A12)*(Накладные!$D$5:$D$204=B12)*(Накладные!$E$5:$E$204=Справочник!$B$5)*(Накладные!$G$5:$G$204="Приход")*(Накладные!$F$5:$F$204))-SUMPRODUCT((Накладные!$C$5:$C$204=A12)*(Накладные!$D$5:$D$204=B12)*(Накладные!$E$5:$E$204=Справочник!$B$5)*(Накладные!$G$5:$G$204="Расход")*(Накладные!$F$5:$F$204)))) | E12: =IF(A12="","",C12+D12)
A13: =IF(Справочник!A18="","",Справочник!A18) | B13: =IF(Справочник!B18="","",Справочник!B18) | C13: =IF(A13="","",IF(B13="",SUMPRODUCT((Накладные!$C$5:$C$204=A13)*(Накладные!$E$5:$E$204=Справочник!$B$4)*(Накладные!$G$5:$G$204="Приход")*(Накладные!$F$5:$F$204))-SUMPRODUCT((Накладные!$C$5:$C$204=A13)*(Накладные!$E$5:$E$204=Справочник!$B$4)*(Накладные!$G$5:$G$204="Расход")*(Накладные!$F$5:$F$204)),SUMPRODUCT((Накладные!$C$5:$C$204=A13)*(Накладные!$D$5:$D$204=B13)*(Накладные!$E$5:$E$204=Справочник!$B$4)*(Накладные!$G$5:$G$204="Приход")*(Накладные!$F$5:$F$204))-SUMPRODUCT((Накладные!$C$5:$C$204=A13)*(Накладные!$D$5:$D$204=B13)*(Накладные!$E$5:$E$204=Справочник!$B$4)*(Накладные!$G$5:$G$204="Расход")*(Накладные!$F$5:$F$204)))) | D13: =IF(A13="","",IF(B13="",SUMPRODUCT((Накладные!$C$5:$C$204=A13)*(Накладные!$E$5:$E$204=Справочник!$B$5)*(Накладные!$G$5:$G$204="Приход")*(Накладные!$F$5:$F$204))-SUMPRODUCT((Накладные!$C$5:$C$204=A13)*(Накладные!$E$5:$E$204=Справочник!$B$5)*(Накладные!$G$5:$G$204="Расход")*(Накладные!$F$5:$F$204)),SUMPRODUCT((Накладные!$C$5:$C$204=A13)*(Накладные!$D$5:$D$204=B13)*(Накладные!$E$5:$E$204=Справочник!$B$5)*(Накладные!$G$5:$G$204="Приход")*(Накладные!$F$5:$F$204))-SUMPRODUCT((Накладные!$C$5:$C$204=A13)*(Накладные!$D$5:$D$204=B13)*(Накладные!$E$5:$E$204=Справочник!$B$5)*(Накладные!$G$5:$G$204="Расход")*(Накладные!$F$5:$F$204)))) | E13: =IF(A13="","",C13+D13)
A14: =IF(Справочник!A19="","",Справочник!A19) | B14: =IF(Справочник!B19="","",Справочник!B19) | C14: =IF(A14="","",IF(B14="",SUMPRODUCT((Накладные!$C$5:$C$204=A14)*(Накладные!$E$5:$E$204=Справочник!$B$4)*(Накладные!$G$5:$G$204="Приход")*(Накладные!$F$5:$F$204))-SUMPRODUCT((Накладные!$C$5:$C$204=A14)*(Накладные!$E$5:$E$204=Справочник!$B$4)*(Накладные!$G$5:$G$204="Расход")*(Накладные!$F$5:$F$204)),SUMPRODUCT((Накладные!$C$5:$C$204=A14)*(Накладные!$D$5:$D$204=B14)*(Накладные!$E$5:$E$204=Справочник!$B$4)*(Накладные!$G$5:$G$204="Приход")*(Накладные!$F$5:$F$204))-SUMPRODUCT((Накладные!$C$5:$C$204=A14)*(Накладные!$D$5:$D$204=B14)*(Накладные!$E$5:$E$204=Справочник!$B$4)*(Накладные!$G$5:$G$204="Расход")*(Накладные!$F$5:$F$204)))) | D14: =IF(A14="","",IF(B14="",SUMPRODUCT((Накладные!$C$5:$C$204=A14)*(Накладные!$E$5:$E$204=Справочник!$B$5)*(Накладные!$G$5:$G$204="Приход")*(Накладные!$F$5:$F$204))-SUMPRODUCT((Накладные!$C$5:$C$204=A14)*(Накладные!$E$5:$E$204=Справочник!$B$5)*(Накладные!$G$5:$G$204="Расход")*(Накладные!$F$5:$F$204)),SUMPRODUCT((Накладные!$C$5:$C$204=A14)*(Накладные!$D$5:$D$204=B14)*(Накладные!$E$5:$E$204=Справочник!$B$5)*(Накладные!$G$5:$G$204="Приход")*(Накладные!$F$5:$F$204))-SUMPRODUCT((Накладные!$C$5:$C$204=A14)*(Накладные!$D$5:$D$204=B14)*(Накладные!$E$5:$E$204=Справочник!$B$5)*(Накладные!$G$5:$G$204="Расход")*(Накладные!$F$5:$F$204)))) | E14: =IF(A14="","",C14+D14)
A15: =IF(Справочник!A20="","",Справочник!A20) | B15: =IF(Справочник!B20="","",Справочник!B20) | C15: =IF(A15="","",IF(B15="",SUMPRODUCT((Накладные!$C$5:$C$204=A15)*(Накладные!$E$5:$E$204=Справочник!$B$4)*(Накладные!$G$5:$G$204="Приход")*(Накладные!$F$5:$F$204))-SUMPRODUCT((Накладные!$C$5:$C$204=A15)*(Накладные!$E$5:$E$204=Справочник!$B$4)*(Накладные!$G$5:$G$204="Расход")*(Накладные!$F$5:$F$204)),SUMPRODUCT((Накладные!$C$5:$C$204=A15)*(Накладные!$D$5:$D$204=B15)*(Накладные!$E$5:$E$204=Справочник!$B$4)*(Накладные!$G$5:$G$204="Приход")*(Накладные!$F$5:$F$204))-SUMPRODUCT((Накладные!$C$5:$C$204=A15)*(Накладные!$D$5:$D$204=B15)*(Накладные!$E$5:$E$204=Справочник!$B$4)*(Накладные!$G$5:$G$204="Расход")*(Накладные!$F$5:$F$204)))) | D15: =IF(A15="","",IF(B15="",SUMPRODUCT((Накладные!$C$5:$C$204=A15)*(Накладные!$E$5:$E$204=Справочник!$B$5)*(Накладные!$G$5:$G$204="Приход")*(Накладные!$F$5:$F$204))-SUMPRODUCT((Накладные!$C$5:$C$204=A15)*(Накладные!$E$5:$E$204=Справочник!$B$5)*(Накладные!$G$5:$G$204="Расход")*(Накладные!$F$5:$F$204)),SUMPRODUCT((Накладные!$C$5:$C$204=A15)*(Накладные!$D$5:$D$204=B15)*(Накладные!$E$5:$E$204=Справочник!$B$5)*(Накладные!$G$5:$G$204="Приход")*(Накладные!$F$5:$F$204))-SUMPRODUCT((Накладные!$C$5:$C$204=A15)*(Накладные!$D$5:$D$204=B15)*(Накладные!$E$5:$E$204=Справочник!$B$5)*(Накладные!$G$5:$G$204="Расход")*(Накладные!$F$5:$F$204)))) | E15: =IF(A15="","",C15+D15)
... A203: =IF(Справочник!A208="","",Справочник!A208) | B203: =IF(Справочник!B208="","",Справочник!B208) | C203: =IF(A203="","",IF(B203="",SUMPRODUCT((Накладные!$C$5:$C$204=A203)*(Накладные!$E$5:$E$204=Справочник!$B$4)*(Накладные!$G$5:$G$204="Приход")*(Накладные!$F$5:$F$204))-SUMPRODUCT((Накладные!$C$5:$C$204=A203)*(Накладные!$E$5:$E$204=Справочник!$B$4)*(Накладные!$G$5:$G$204="Расход")*(Накладные!$F$5:$F$204)),SUMPRODUCT((Накладные!$C$5:$C$204=A203)*(Накладные!$D$5:$D$204=B203)*(Накладные!$E$5:$E$204=Справочник!$B$4)*(Накладные!$G$5:$G$204="Приход")*(Накладные!$F$5:$F$204))-SUMPRODUCT((Накладные!$C$5:$C$204=A203)*(Накладные!$D$5:$D$204=B203)*(Накладные!$E$5:$E$204=Справочник!$B$4)*(Накладные!$G$5:$G$204="Расход")*(Накладные!$F$5:$F$204)))) | D203: =IF(A203="","",IF(B203="",SUMPRODUCT((Накладные!$C$5:$C$204=A203)*(Накладные!$E$5:$E$204=Справочник!$B$5)*(Накладные!$G$5:$G$204="Приход")*(Накладные!$F$5:$F$204))-SUMPRODUCT((Накладные!$C$5:$C$204=A203)*(Накладные!$E$5:$E$204=Справочник!$B$5)*(Накладные!$G$5:$G$204="Расход")*(Накладные!$F$5:$F$204)),SUMPRODUCT((Накладные!$C$5:$C$204=A203)*(Накладные!$D$5:$D$204=B203)*(Накладные!$E$5:$E$204=Справочник!$B$5)*(Накладные!$G$5:$G$204="Приход")*(Накладные!$F$5:$F$204))-SUMPRODUCT((Накладные!$C$5:$C$204=A203)*(Накладные!$D$5:$D$204=B203)*(Накладные!$E$5:$E$204=Справочник!$B$5)*(Накладные!$G$5:$G$204="Расход")*(Накладные!$F$5:$F$204)))) | E203: =IF(A203="","",C203+D203)

Sheet Справочник
A1: Справочник
A3: Названия фасовок (измените под себя) | E3: Исправления написания: Masthuve→Musthave, Saphire→Sapphire, Сарама→Сарма, NAШ→НАШ. Если нужно иначе — скажи.
A4: Фасовка 1 | B4: 50 г
A5: Фасовка 2 | B5: 250 г
A7: Бренды и вкусы (вкусы вписывайте в столбец B; для нового вкуса того же бренда — новая строка)
A8: Бренд | B8: Вкус | C8: Бренд + вкус (авто)
A9: Palitra | C9: =IF(A9="","",IF(B9="",A9,A9&" — "&B9))
A10: Deus | C10: =IF(A10="","",IF(B10="",A10,A10&" — "&B10))
A11: Musthave | C11: =IF(A11="","",IF(B11="",A11,A11&" — "&B11))
A12: TNG | C12: =IF(A12="","",IF(B12="",A12,A12&" — "&B12))
A13: Хулиган крепкий | C13: =IF(A13="","",IF(B13="",A13,A13&" — "&B13))
A14: Хулиган классический | C14: =IF(A14="","",IF(B14="",A14,A14&" — "&B14))
A15: Sebero | C15: =IF(A15="","",IF(B15="",A15,A15&" — "&B15))
A16: Sapphire | C16: =IF(A16="","",IF(B16="",A16,A16&" — "&B16))
A17: Trof | C17: =IF(A17="","",IF(B17="",A17,A17&" — "&B17))
A18: Satyr | C18: =IF(A18="","",IF(B18="",A18,A18&" — "&B18))
A19: Jent | C19: =IF(A19="","",IF(B19="",A19,A19&" — "&B19))
A20: Darkside | C20: =IF(A20="","",IF(B20="",A20,A20&" — "&B20))
... A31: Bonche | C31: =IF(A31="","",IF(B31="",A31,A31&" — "&B31))
C32: =IF(A32="","",IF(B32="",A32,A32&" — "&B32))
C33: =IF(A33="","",IF(B33="",A33,A33&" — "&B33))
C34: =IF(A34="","",IF(B34="",A34,A34&" — "&B34))
C35: =IF(A35="","",IF(B35="",A35,A35&" — "&B35))
C36: =IF(A36="","",IF(B36="",A36,A36&" — "&B36))
C37: =IF(A37="","",IF(B37="",A37,A37&" — "&B37))
C38: =IF(A38="","",IF(B38="",A38,A38&" — "&B38))
C39: =IF(A39="","",IF(B39="",A39,A39&" — "&B39))
C40: =IF(A40="","",IF(B40="",A40,A40&" — "&B40))
C41: =IF(A41="","",IF(B41="",A41,A41&" — "&B41))
C42: =IF(A42="","",IF(B42="",A42,A42&" — "&B42))
C43: =IF(A43="","",IF(B43="",A43,A43&" — "&B43))
... C208: =IF(A208="","",IF(B208="",A208,A208&" — "&B208))

Sheet Инструкция
A1: Склад табака — учёт по накладным
A3: Как пользоваться
A4: 1. Лист «Справочник» — бренды уже заполнены. Вкусы добавляйте в столбец B напротив бренда (можно несколько строк с одним брендом).
A5: 2. Названия фасовок меняются в ячейках B4 и B5 (сейчас «50 г» и «250 г»).
A6: 3. Лист «Накладные» — вносите каждую позицию из накладной: бренд + вкус + фасовка + количество.
A7: 4. Операция: «Приход» — товар пришёл, «Расход» — товар ушёл.
A8: 5. Лист «Остатки» считает остатки автоматически. Пока вкус не указан в справочнике — остаток считается по бренду.
A9: 6. Загрузите файл в Google Таблицы: Файл → Импорт, затем дайте нужным людям доступ «Редактор».
